net,length_um
clk_div.slow_clk,744.575
_1344_,524.94
clknet_1_0__leaf_clk,516.3
_1352_,513.58
_0674_,511.72
_2341_,503.18
clknet_1_1__leaf_clk,443.82
_2296_,442.17
_2585_,428.76
_2511_,421.62
_2340_,415.25
_2474_,406.99
_0014_,377.64
_2653_,371.26
_2408_,334.82
_2547_,331.56
_2796_,322
_1351_,306.62
_2690_,306.42
_1347_,277.61
_2608_,277.5
_2676_,277.33
_1735_,269.11
_2759_,264.45
_2047_,263.44
_2497_,261.33
_0665_,254.93
alu.ALUResult\[23\],248.12
_0837_,245.21
alu.ALUResult\[1\],234.73
_1897_,234.46
_2027_,233.54
_0594_,232.92
_0655_,232.885
alu.ALUResult\[0\],229.7
_1992_,227.22
_1989_,224.66
_1907_,221.05
_0567_,220.65
_2475_,220.3
_2053_,215.68
_0606_,214.75
_0640_,214.69
_1635_,214.49
_1954_,213.88
_1767_,213.46
_0671_,212.73
_2534_,211.66
_2334_,210.48
_2451_,210.1
_1346_,209.51
_0656_,209.49
_2019_,206.69
_1972_,205.64
_0600_,203.21
_0598_,202.47
_1888_,202.28
_0635_,201.54
_2409_,201.26
_0649_,201.13
_1792_,200.6
_1738_,199.81
_1999_,198.57
alu.ALUResult\[25\],198.21
_0664_,198.07
_0821_,197.92
_1670_,194.9
_2570_,193.41
_1737_,191.16
_1797_,186.56
_2523_,186.16
clk,180.96
_0589_,180.28
_2106_,180.08
_2819_,179.46
_2512_,178.735
_2089_,178.49
_0605_,178.26
_0670_,178.15
_2486_,177.96
_0639_,177.17
clknet_leaf_9_clk,176.12
_0668_,175.97
_0595_,174.76
clknet_leaf_11_clk,174.56
clknet_leaf_0_clk,172.78
_2782_,172.25
_0590_,171.9
_0545_,171.85
_0574_,170.76
_1789_,170.7
_0650_,170.03
_1768_,170.02
alu.ALUResult\[2\],169.63
_0546_,169.01
_0641_,168.94
_0607_,168.83
_0644_,168.2
_2702_,166
_2691_,165.64
_1902_,163.5
_0611_,162.87
_2797_,162.74
_0648_,162.36
_2059_,161.58
_1816_,161.51
_0566_,161.47
_1165_,160.14
_0918_,159.26
_1701_,159.1
_0869_,158.29
_0580_,158.28
alu.ALUResult\[22\],157.84
_1733_,157.72
_1252_,155.26
_1697_,154.97
_1055_,154.5
_0581_,154.42
_0593_,154.32
_0612_,154.2
_2548_,153.98
_0981_,153.095
_0554_,152.15
_0617_,148.79
alu.ALUResult\[29\],148.54
_1704_,148.51
_2559_,148.1
_0900_,147.92
_2430_,147.6
_0570_,147.55
_0618_,146.62
_2713_,145.84
_0636_,145.69
_1154_,145.45
_0553_,145.26
_1819_,144.63
_2039_,144.22
_0853_,143.89
alu.ALUResult\[21\],143.6
clknet_leaf_20_clk,143.295
_1107_,142.9
alu.ALUResult\[20\],142.59
_1679_,142.16
_0663_,142.14
clknet_leaf_17_clk,142.05
alu.ALUResult\[24\],141.51
_0662_,141.23
alu.ALUResult\[27\],140.6
alu.ALUResult\[18\],139.86
alu.ALUResult\[4\],138
_0654_,137.98
alu.ALUResult\[19\],137.82
alu.ALUResult\[31\],137.4
_1345_,137.11
_1786_,136.36
clknet_leaf_1_clk,136.275
_0624_,135.4
_1659_,134.79
_2597_,134.1
_1098_,133.5
_2808_,132.98
_1779_,132.88
_0597_,131.9
_0653_,131.82
_1108_,131.6
_0599_,130.26
alu.ALUResult\[28\],129.34
_1682_,129.31
_2760_,129.16
clknet_leaf_19_clk,129.08
clknet_leaf_4_clk,128.98
alu.ALUResult\[13\],127.85
_1150_,127.14
_0884_,125.71
clknet_leaf_15_clk,125.38
clknet_leaf_12_clk,125.15
clknet_leaf_26_clk,125
_0669_,124.66
_1742_,124.59
clknet_leaf_16_clk,124.27
_1952_,124.255
clknet_leaf_6_clk,123.65
_2586_,121.2
clknet_leaf_23_clk,120.58
_0637_,120.03
_0782_,119.41
_1671_,118.855
_2665_,118.42
_1687_,118.27
clknet_leaf_13_clk,118.24
_1994_,118.05
_0592_,118.01
clknet_leaf_21_clk,117.525
_1800_,117.49
_0571_,117.455
_2457_,117.03
_0601_,116.71
_0647_,116.46
_0572_,115.84
clknet_leaf_2_clk,115.14
_0626_,115.08
_2432_,115.08
_1376_,114.59
_2459_,113.7
_1845_,112.32
alu.ALUResult\[17\],112.3
_0544_,112.08
clknet_leaf_24_clk,111.84
_2654_,111.16
_1963_,111.07
_0645_,110.96
_0609_,110.92
_0646_,110.64
clknet_0_clk,109.97
_1091_,109.92
_0575_,109.63
_0552_,109.08
alu.ALUResult\[15\],108.98
_1975_,108.57
alu.ALUResult\[12\],108.45
_1658_,108.26
_2771_,108.16
_2135_,108
_0579_,107.94
_1986_,107.21
_0950_,107.15
_0966_,107.08
_1063_,106.95
_0591_,106.87
_1744_,106.65
clknet_leaf_10_clk,106.61
alu.ALUResult\[3\],106.53
_1719_,105.8
_2469_,105.78
alu.ALUResult\[14\],105.32
alu.ALUResult\[16\],105.3
_0771_,104.79
_2463_,104.51
_0625_,104.36
_2034_,103.54
_0543_,103.46
_2248_,103.36
_0638_,103.04
_0573_,102.28
clknet_leaf_18_clk,101.96
_1762_,101.78
_1760_,101.56
_0789_,101.01
_0578_,100.62
alu.ALUResult\[5\],100.47
net1,99.55
_0610_,99.38
_1134_,99.36
alu.ALUResult\[11\],99.32
_1781_,98.94
_1732_,97.16
_0537_,96.14
clknet_leaf_25_clk,95.52
_1740_,95.4
_1920_,95.175
_1710_,94.54
_0615_,93.55
_1708_,93.54
_0934_,93.5
_0551_,92.36
_1971_,92.35
_1976_,92.09
_2001_,91.495
PC\[4\],91.46
_0604_,91.34
_0576_,90.91
_1831_,89.83
_0737_,89.54
_0721_,88.39
_2419_,88.24
_1686_,88.15
alu.ALUResult\[6\],87.64
_1109_,85.94
_2461_,85.76
_0616_,85.495
_0542_,85.39
_1951_,84.44
alu.ALUResult\[10\],83.84
_2471_,83.78
clknet_leaf_22_clk,83.72
alu.ALUResult\[26\],83.64
_2041_,83.49
_1675_,83.47
alu.ALUResult\[8\],82.96
alu.ALUResult\[7\],82.86
_1707_,81.9
_1743_,81.83
_2751_,81.78
_1689_,81.75
alu.ALUResult\[9\],81.36
reg_file.memory\[1\]\[23\],81.3
_1119_,81.02
_2294_,80.3
_2444_,80.22
net9,79.54
clknet_leaf_27_clk,79.28
_0549_,78.985
reg_file.memory\[0\]\[23\],78.64
_2446_,78.28
_1674_,77.35
_0000_,76.545
_2068_,76.14
_1655_,75.66
_2077_,75.62
_0805_,75.43
_2438_,75.24
_0292_,75.185
_0013_,75.16
_2367_,75.12
_2004_,74.75
_2411_,74.46
_1342_,73.85
_2174_,73.72
_0388_,73.645
_2100_,73.35
clknet_leaf_8_clk,73.14
_0754_,72.95
_1072_,72.87
_2071_,72.735
_2066_,72.38
_2276_,72.22
_1171_,71.92
reg_file.memory\[0\]\[25\],71.18
_1947_,71.02
_1771_,70.86
_2423_,69.42
_0260_,69.245
reg_file.memory\[9\]\[25\],69.16
_1935_,69.02
_0101_,68.745
_2467_,68.63
_2393_,68.52
an[0],68.52
_1889_,68.08
_1756_,67.94
_2440_,67.84
_1950_,67.78
net12,67.5
_0719_,67.48
_2427_,67.19
_2076_,67.15
_0883_,66.99
_2160_,66.8
_2064_,66.51
_1776_,66.1
_2155_,66.08
_2302_,65.795
_2434_,65.74
_1078_,65.28
_0538_,65.04
_0623_,65.02
clknet_leaf_14_clk,64.98
_0294_,64.505
_0018_,64.435
_1116_,64.35
_1391_,64.22
_0705_,63.94
_2453_,63.92
_2113_,63.71
_0540_,63.58
_1944_,63.52
_1654_,63.41
_2455_,63.26
_1940_,63.08
_0099_,62.84
_2538_,62.7
_2060_,62.51
_2450_,62.34
_1174_,62.28
_0164_,61.905
_2442_,61.9
PC\[1\],61.84
_0019_,61.455
_1669_,61.28
_2130_,61.175
_0547_,60.48
_0997_,60.03
_1385_,59.14
_0196_,58.8
_2140_,58.74
_0550_,58.72
_0565_,58.62
_1118_,58.615
_2024_,58.52
net8,58.42
_0764_,58.38
_1656_,58.08
_2612_,58.08
_0698_,57.66
_2037_,57.66
_2415_,57.52
_1846_,57.135
_2465_,57.02
seven_seg_conv.digit_counter\[1\],56.74
_2417_,56.64
_2425_,56.52
reg_file.memory\[9\]\[22\],56.48
_0016_,56.42
_0324_,56.045
_2129_,56.01
_0557_,55.41
_0017_,55.28
_0689_,55.28
_2421_,55.18
_2436_,55.16
_1105_,54.73
_0868_,54.66
_1029_,54.315
_2287_,54.31
_0729_,54.3
_2246_,54.18
_0933_,54.12
alu.ALUControl\[2\],54.12
reg_file.memory\[9\]\[23\],54.06
_1747_,53.9
_1045_,53.56
_1880_,53.5
_1863_,53.48
net10,53.42
reg_file.memory\[7\]\[14\],52.735
_2682_,52.54
_0672_,52.38
_2119_,52.12
_0484_,51.835
_0949_,51.8
_0548_,51.7
_1782_,51.64
_2448_,51.56
_0746_,51.48
_0788_,51.3
_0830_,50.755
_2088_,50.7
_2458_,50.7
_1703_,50.64
reg_file.memory\[1\]\[21\],49.83
_1929_,49.79
_2063_,49.76
_1730_,49.48
_0917_,49.22
_0814_,49.12
_1133_,49.08
reg_file.memory\[1\]\[25\],49.04
_2014_,48.64
_0777_,48.62
_1444_,48.2
_2501_,47.72
_1685_,47.7
_1754_,47.6
_0194_,47.385
_0132_,47.36
_2401_,47.36
_1665_,47.34
reg_file.memory\[1\]\[24\],47.14
_0564_,46.86
_2242_,46.81
_2429_,46.52
alu.ALUControl\[0\],46.4
_0846_,46.34
_2264_,46.22
_2613_,46.1
_2193_,45.93
clknet_leaf_5_clk,45.88
_1407_,45.8
_1867_,45.8
_1678_,45.68
reg_file.memory\[9\]\[24\],45.62
_0911_,45.54
_0585_,45.5
_2006_,45.47
_2857_,45.3
_0893_,45.18
_1724_,45.18
reg_file.memory\[2\]\[23\],45.15
_2391_,45.1
_0899_,45.06
_1657_,44.72
_2078_,44.32
reg_file.memory\[0\]\[27\],44.32
_2121_,44.3
reg_file.memory\[0\]\[24\],44.26
_1787_,44.18
_2681_,44.18
_2321_,43.96
_0326_,43.84
clknet_leaf_3_clk,43.78
_1700_,43.71
seven_seg_conv.digit_counter\[0\],43.695
_1013_,43.52
_1373_,43.52
_0262_,43.405
_1953_,43.18
_1694_,43.14
_1381_,43.1
_1663_,42.96
_1676_,42.94
_1668_,42.76
_2196_,42.56
reg_file.memory\[2\]\[29\],42.56
_2038_,42.52
_1764_,42.12
_1926_,41.98
_2413_,41.86
_0162_,41.785
ctrl_unit.PCWrite,41.76
_2266_,41.46
_0927_,41.345
_0753_,41.3
_2020_,41.18
_2010_,41.16
_2036_,41.16
_0006_,41.085
_2090_,40.98
_2138_,40.93
_0230_,40.885
_1012_,40.83
_0852_,40.62
_1749_,40.52
_0261_,40.495
_2576_,40.4
_1403_,40.3
_2390_,40.3
reg_file.memory\[7\]\[11\],40.28
_0528_,40.24
reg_file.memory\[7\]\[21\],40
_1660_,39.94
_1893_,39.74
_1328_,39.72
alu.ALUControl\[1\],39.7
_1019_,39.64
_2503_,39.6
reg_file.memory\[0\]\[28\],39.36
_1795_,39.16
_2178_,39.02
_2226_,38.98
_2108_,38.94
_0166_,38.895
_1272_,38.76
_0980_,38.75
_1137_,38.74
_2214_,38.72
_0682_,38.68
_0486_,38.66
_0776_,38.66
_0394_,38.485
reg_file.memory\[7\]\[18\],38.42
_2204_,38.4
_2238_,38.34
_2614_,38.24
_1783_,38
_0198_,37.985
_0959_,37.92
reg_file.memory\[7\]\[16\],37.88
_1426_,37.82
_1368_,37.8
_0558_,37.76
_0798_,37.6
_2540_,37.6
_0389_,37.405
_2086_,37.4
_1028_,37.38
_1941_,37.22
_1062_,37.1
clknet_leaf_7_clk,36.94
_1773_,36.87
_1259_,36.82
_0577_,36.62
_2128_,36.62
_2574_,36.62
_1415_,36.615
net7,36.56
_0539_,36.1
_2291_,36.1
_0990_,36.04
_0390_,35.805
_1604_,35.66
_1170_,35.64
_2572_,35.58
_2860_,35.26
_1293_,35.2
_1925_,35.14
_2180_,35.02
_1741_,34.96
_1777_,34.94
_1149_,34.9
_1330_,34.9
_0386_,34.825
_2244_,34.8
_2012_,34.64
_2134_,34.51
_0002_,34.465
_2680_,34.34
_1334_,34.32
_0535_,34.22
_2029_,34.2
_1943_,34.12
_0100_,33.945
_2319_,33.94
_1294_,33.88
_0382_,33.745
_0815_,33.6
_0490_,33.565
_0555_,33.5
_2858_,33.5
_1355_,33.4
_0955_,33.28
_2026_,33.24
_1759_,33.16
_2859_,33.08
_1881_,32.88
_1502_,32.76
reg_file.memory\[7\]\[10\],32.68
_1079_,32.65
_2202_,32.63
_0943_,32.5
_2747_,32.36
_1291_,32.24
_0702_,32.22
_1666_,32.22
_1928_,32.2
_1418_,32.04
_0226_,31.9
_1044_,31.86
_0513_,31.78
_1969_,31.62
_0965_,31.58
_1382_,31.58
_2194_,31.54
_1637_,31.52
reg_file.memory\[2\]\[25\],31.5
_1592_,31.43
_1522_,31.24
_2115_,31.12
_0536_,31.08
_1915_,31.02
_1924_,30.94
_1241_,30.88
_1869_,30.7
reg_file.memory\[8\]\[22\],30.64
_1506_,30.62
_1380_,30.46
reg_file.memory\[7\]\[26\],30.44
reg_file.memory\[2\]\[27\],30.14
reg_file.memory\[1\]\[29\],30.12
reg_file.memory\[7\]\[17\],30.12
_2192_,29.98
_0325_,29.945
_1597_,29.9
_2050_,29.86
_2234_,29.86
_2304_,29.77
reg_file.memory\[0\]\[11\],29.74
_0996_,29.7
_0677_,29.54
_1070_,29.405
_0988_,29.4
seven_seg_conv.digit_counter\[2\],29.38
_2158_,29.32
_1232_,29.24
_1128_,29.2
_1393_,29.12
_2093_,29.08
_1004_,28.9
clk_div.counter\[6\],28.84
_0510_,28.8
reg_file.memory\[7\]\[29\],28.78
_0976_,28.76
_2105_,28.72
_0293_,28.675
_0972_,28.66
_1537_,28.66
reg_file.memory\[2\]\[28\],28.65
_2312_,28.64
_0995_,28.62
reg_file.memory\[9\]\[21\],28.56
clk_div.counter\[12\],28.54
_2183_,28.52
_1034_,28.48
net3,28.46
_0395_,28.435
_2299_,28.42
_1970_,28.385
_0971_,28.36
_1525_,28.2
_1467_,28.18
clk_div.counter\[11\],28.18
reg_file.memory\[5\]\[2\],28
_1399_,27.94
_0770_,27.92
reg_file.memory\[7\]\[20\],27.89
_1558_,27.88
net2,27.83
_1610_,27.82
reg_file.memory\[9\]\[20\],27.82
_1927_,27.8
_2407_,27.74
reg_file.memory\[8\]\[24\],27.72
_2847_,27.64
reg_file.memory\[7\]\[13\],27.52
_0561_,27.48
reg_file.memory\[2\]\[30\],27.48
reg_file.memory\[0\]\[17\],27.42
reg_file.memory\[0\]\[5\],27.38
_0511_,27.32
_0860_,27.12
_0877_,27.06
_1145_,27.06
_2211_,27.06
_2116_,27.04
_0588_,27.02
reg_file.memory\[5\]\[10\],27.02
_0851_,26.96
_0876_,26.88
reg_file.memory\[5\]\[11\],26.88
_2316_,26.87
net4,26.78
reg_file.memory\[6\]\[21\],26.76
_2536_,26.74
_1438_,26.72
_1056_,26.68
_2505_,26.68
_1020_,26.66
_1436_,26.64
reg_file.memory\[0\]\[21\],26.64
_0506_,26.56
_1630_,26.44
_0802_,26.42
_1404_,26.42
_1392_,26.36
_2280_,26.34
_1353_,26.3
_1559_,26.28
_1984_,26.22
_2270_,26.22
alu.ZERO,26.18
reg_file.memory\[0\]\[9\],26.16
_1445_,26.14
_1727_,26.1
_1038_,26.01
_1096_,25.96
_1354_,25.96
_2201_,25.96
_1806_,25.92
_2305_,25.9
_0676_,25.7
_1643_,25.66
_1468_,25.575
_0020_,25.515
_1188_,25.46
_0956_,25.44
_1367_,25.39
_0796_,25.38
_0613_,25.36
_0515_,25.34
_0804_,25.32
_1383_,25.32
clk_div.counter\[10\],25.3
reg_file.memory\[0\]\[14\],25.3
_0733_,25.28
_1569_,25.22
_1713_,25.22
_1864_,25.22
_2863_,25.2
reg_file.memory\[5\]\[14\],25.14
_1215_,25.085
_0968_,25.06
_2307_,25.06
_1292_,25.02
_0202_,24.985
reg_file.memory\[7\]\[15\],24.98
_0569_,24.97
_1317_,24.92
_1895_,24.9
reg_file.memory\[0\]\[16\],24.86
_0631_,24.82
_1314_,24.82
reg_file.memory\[10\]\[19\],24.76
_2103_,24.72
_2236_,24.72
_2198_,24.7
clk_div.counter\[7\],24.69
_1265_,24.68
_0701_,24.62
reg_file.memory\[5\]\[29\],24.62
_0584_,24.61
_1240_,24.59
_0862_,24.5
_1577_,24.4
_1799_,24.38
_0974_,24.36
_1832_,24.36
_1153_,24.3
_1692_,24.28
_1803_,24.28
_0534_,24.26
reg_file.memory\[5\]\[21\],24.2
_2171_,24.18
_0673_,24.15
_0228_,24.135
_1053_,24.12
_1484_,24.12
reg_file.memory\[7\]\[22\],24.07
_1155_,24.04
_0541_,24.01
_2224_,24
_1176_,23.96
_1993_,23.94
_0134_,23.905
_1151_,23.9
reg_file.memory\[7\]\[23\],23.86
_0872_,23.84
_0926_,23.84
_1449_,23.8
reg_file.memory\[5\]\[15\],23.8
_0998_,23.74
reg_file.memory\[0\]\[18\],23.74
_0768_,23.68
_2002_,23.68
_2127_,23.68
_1457_,23.66
_1839_,23.66
_1231_,23.54
_2862_,23.54
_0964_,23.5
_0780_,23.46
_2023_,23.46
_1237_,23.44
_2239_,23.42
_0836_,23.38
_0906_,23.38
reg_file.memory\[2\]\[21\],23.38
_2326_,23.26
_1890_,23.22
_0512_,23.2
_2404_,23.185
reg_file.memory\[5\]\[17\],23.18
_1255_,23.16
_1606_,22.96
_2748_,22.92
reg_file.memory\[5\]\[22\],22.92
net6,22.9
seven_seg_conv.temp\[9\],22.88
_0137_,22.875
_1194_,22.86
_1621_,22.7
_1077_,22.66
_1216_,22.66
_0889_,22.62
clk_div.counter\[13\],22.56
_1716_,22.54
_2074_,22.54
reg_file.memory\[5\]\[3\],22.5
reg_file.memory\[7\]\[6\],22.5
_2778_,22.48
_2580_,22.46
_1586_,22.45
_1175_,22.42
_0685_,22.4
_0903_,22.4
_0387_,22.325
_1517_,22.28
_0957_,22.26
_2656_,22.22
_1181_,22.18
_1263_,22.12
_2151_,22.08
_1362_,22.06
_2861_,22.06
_1483_,22.02
reg_file.memory\[10\]\[31\],22.02
_2042_,22
_2137_,21.92
_1027_,21.88
_2868_,21.88
_1006_,21.86
_0627_,21.84
_1302_,21.8
_0861_,21.78
_1823_,21.72
reg_file.memory\[10\]\[28\],21.66
clk_div.counter\[15\],21.64
_1400_,21.62
_1139_,21.6
reg_file.memory\[5\]\[24\],21.56
_2684_,21.5
_2677_,21.48
_0714_,21.46
_1871_,21.44
_0521_,21.36
_1617_,21.32
_1918_,21.32
_2331_,21.3
clk_div.counter\[14\],21.3
_1470_,21.26
_1818_,21.25
reg_file.memory\[5\]\[18\],21.24
reg_file.memory\[5\]\[30\],21.18
_0739_,21.12
_1595_,21.12
_2544_,21.12
_1536_,21.1
reg_file.memory\[0\]\[26\],21.1
_1509_,21.08
reg_file.memory\[2\]\[26\],21.08
_1185_,21.05
_0234_,21.045
reg_file.memory\[0\]\[1\],21.04
_0279_,21.025
reg_file.memory\[7\]\[4\],21.02
_1853_,20.99
_1487_,20.98
_1690_,20.98
reg_file.memory\[21\]\[21\],20.94
_1830_,20.92
_1959_,20.92
_1624_,20.9
_1358_,20.88
_1122_,20.78
_2252_,20.78
reg_file.memory\[1\]\[30\],20.78
_2757_,20.72
reg_file.memory\[0\]\[7\],20.72
reg_file.memory\[5\]\[23\],20.72
_1409_,20.7
_1817_,20.66
reg_file.memory\[10\]\[24\],20.66
_0514_,20.58
_0530_,20.58
_2742_,20.54
_2164_,20.51
_1725_,20.5
_1755_,20.5
_2330_,20.5
_0416_,20.485
_0941_,20.44
_2626_,20.44
_0844_,20.42
_0070_,20.325
_0977_,20.3
_1454_,20.3
_1912_,20.3
_1230_,20.28
reg_file.memory\[2\]\[13\],20.28
_1774_,20.24
_2494_,20.24
_2065_,20.22
_2315_,20.22
_1589_,20.19
_1356_,20.16
_1249_,20.14
reg_file.memory\[0\]\[22\],20.1
_0910_,20.06
_2200_,20.06
reg_file.memory\[10\]\[7\],20.04
clk_div.counter\[3\],20.02
_2222_,20
clk_div.counter\[1\],20
_1977_,19.92
_1408_,19.86
_1482_,19.79
_1018_,19.78
_1043_,19.76
reg_file.memory\[4\]\[3\],19.76
_2070_,19.74
reg_file.memory\[1\]\[31\],19.74
clk_div.counter\[8\],19.68
_2737_,19.66
reg_file.memory\[15\]\[28\],19.64
reg_file.memory\[15\]\[3\],19.64
_1160_,19.62
_1369_,19.62
_1047_,19.54
_1051_,19.54
_1177_,19.54
_2107_,19.54
reg_file.memory\[0\]\[29\],19.54
_2087_,19.535
_0660_,19.52
_1157_,19.52
reg_file.memory\[7\]\[31\],19.52
_0586_,19.5
reg_file.memory\[0\]\[20\],19.48
_1908_,19.46
_2277_,19.44
reg_file.memory\[5\]\[5\],19.42
_0979_,19.4
_1718_,19.4
_2016_,19.4
_1164_,19.36
_1810_,19.34
clk_div.counter\[5\],19.34
_0808_,19.3
_1032_,19.3
_2363_,19.24
_1229_,19.22
reg_file.memory\[25\]\[27\],19.22
reg_file.memory\[5\]\[6\],19.2
_0520_,19.18
reg_file.memory\[8\]\[0\],19.18
_1552_,19.16
_1923_,19.16
_1101_,19.14
_1533_,19.08
_1331_,19.06
reg_file.memory\[0\]\[15\],19.06
reg_file.memory\[1\]\[9\],19.06
_1238_,19.05
_1885_,19.04
_1439_,18.98
_1543_,18.97
_0944_,18.96
_1361_,18.96
_1661_,18.96
_2594_,18.94
_1127_,18.92
_1539_,18.86
_1900_,18.86
_2154_,18.84
clk_div.counter\[2\],18.84
_1316_,18.82
_2325_,18.82
reg_file.memory\[1\]\[18\],18.74
reg_file.memory\[9\]\[31\],18.73
_1722_,18.7
_2765_,18.7
_1349_,18.68
reg_file.memory\[1\]\[11\],18.68
reg_file.memory\[9\]\[17\],18.66
_0147_,18.64
_1014_,18.64
reg_file.memory\[1\]\[7\],18.64
_1784_,18.62
_0845_,18.6
_2317_,18.59
_0781_,18.56
_2212_,18.56
_2290_,18.56
_2332_,18.56
reg_file.memory\[4\]\[20\],18.54
_0643_,18.52
_2249_,18.48
reg_file.memory\[2\]\[31\],18.48
_2328_,18.46
_1267_,18.4
_1412_,18.38
reg_file.memory\[21\]\[16\],18.38
_2153_,18.36
_0154_,18.345
_1874_,18.32
PC\[3\],18.31
_1473_,18.29
_0975_,18.28
_1261_,18.28
clk_div.counter\[0\],18.28
reg_file.memory\[21\]\[5\],18.28
reg_file.memory\[0\]\[12\],18.27
_1469_,18.26
_1492_,18.24
_2371_,18.22
_1514_,18.12
_0622_,18.1
_1705_,18.1
_1815_,18.08
_2499_,18.08
_0563_,18.06
_0730_,18.06
_1057_,18.06
_1486_,18.04
_1152_,18.02
reg_file.memory\[4\]\[23\],18.02
_1455_,17.96
_2816_,17.96
reg_file.memory\[4\]\[12\],17.94
reg_file.memory\[8\]\[4\],17.94
_0727_,17.93
_1720_,17.92
reg_file.memory\[6\]\[4\],17.9
_2855_,17.88
_1497_,17.86
_1887_,17.86
_0960_,17.84
_1775_,17.84
_1003_,17.8
reg_file.memory\[8\]\[11\],17.8
_0525_,17.78
reg_file.memory\[5\]\[28\],17.78
reg_file.memory\[5\]\[8\],17.78
reg_file.memory\[4\]\[30\],17.74
_2508_,17.7
_1305_,17.66
_1618_,17.66
_1985_,17.64
_1579_,17.62
_1007_,17.6
_1919_,17.6
reg_file.memory\[7\]\[27\],17.6
_0706_,17.58
_0133_,17.565
_1695_,17.56
_1868_,17.56
reg_file.memory\[0\]\[8\],17.56
reg_file.memory\[7\]\[8\],17.56
_0354_,17.545
_0838_,17.52
_1683_,17.52
_1049_,17.48
_2392_,17.46
_2462_,17.46
reg_file.memory\[15\]\[29\],17.46
reg_file.memory\[1\]\[0\],17.44
_1796_,17.42
_2846_,17.42
reg_file.memory\[8\]\[26\],17.42
_1607_,17.4
_1097_,17.38
_0749_,17.34
_1192_,17.32
_1394_,17.32
reg_file.memory\[6\]\[10\],17.32
_0813_,17.3
_0302_,17.285
_0935_,17.28
reg_file.memory\[9\]\[0\],17.28
_0445_,17.265
_0948_,17.26
_1882_,17.26
_1389_,17.24
_1413_,17.24
_0267_,17.22
_2097_,17.22
_2120_,17.22
reg_file.memory\[7\]\[5\],17.22
_0171_,17.2
_1500_,17.2
_1827_,17.2
_2867_,17.195
_0568_,17.18
_0774_,17.16
_0907_,17.16
_1549_,17.16
_1594_,17.16
_2609_,17.14
_1574_,17.12
_1585_,17.1
_1638_,17.09
reg_file.memory\[6\]\[24\],17.09
_1277_,17.08
_0806_,17.07
_2218_,17.02
_2832_,17
_0232_,16.985
reg_file.memory\[9\]\[30\],16.98
reg_file.memory\[5\]\[0\],16.96
reg_file.memory\[8\]\[28\],16.96
_1264_,16.95
_1390_,16.94
_2806_,16.94
reg_file.memory\[4\]\[29\],16.9
_1016_,16.86
reg_file.memory\[0\]\[10\],16.84
_0866_,16.8
_1828_,16.8
reg_file.memory\[8\]\[10\],16.8
_0744_,16.78
_1323_,16.765
_0097_,16.745
_2283_,16.72
_2044_,16.68
reg_file.memory\[0\]\[13\],16.68
_1464_,16.66
_2696_,16.66
_1379_,16.64
_1402_,16.64
_1766_,16.64
_2468_,16.64
reg_file.memory\[4\]\[7\],16.64
reg_file.memory\[5\]\[9\],16.64
_1087_,16.62
_1200_,16.56
_1769_,16.54
reg_file.memory\[5\]\[20\],16.54
_2368_,16.52
_0010_,16.48
reg_file.memory\[7\]\[9\],16.44
_2190_,16.38
_1983_,16.36
reg_file.memory\[1\]\[22\],16.36
reg_file.memory\[6\]\[14\],16.36
_2257_,16.34
_0748_,16.26
_1085_,16.22
reg_file.memory\[1\]\[19\],16.22
_2168_,16.21
_0207_,16.185
reg_file.memory\[5\]\[26\],16.18
reg_file.memory\[8\]\[14\],16.18
_0810_,16.14
_1498_,16.14
_2061_,16.14
reg_file.memory\[25\]\[15\],16.14
_0005_,16.125
clk_div.counter\[9\],16.125
_1427_,16.1
_2314_,16.1
_0126_,16.085
_1210_,16.06
_1221_,16.04
reg_file.memory\[2\]\[11\],16.02
reg_file.memory\[5\]\[25\],16.02
_1477_,16
_0762_,15.98
reg_file.memory\[25\]\[19\],15.98
_1219_,15.96
reg_file.memory\[7\]\[0\],15.96
_1987_,15.94
_2791_,15.94
reg_file.memory\[4\]\[4\],15.94
reg_file.memory\[0\]\[19\],15.92
_0138_,15.905
reg_file.memory\[1\]\[13\],15.9
_0923_,15.88
_1273_,15.84
_1372_,15.84
_1321_,15.8
reg_file.memory\[10\]\[2\],15.8
reg_file.memory\[15\]\[10\],15.8
reg_file.memory\[4\]\[18\],15.8
reg_file.memory\[6\]\[16\],15.8
_0328_,15.765
reg_file.memory\[10\]\[23\],15.76
_2584_,15.72
reg_file.memory\[10\]\[25\],15.72
reg_file.memory\[4\]\[19\],15.72
_0666_,15.7
_0508_,15.68
_1089_,15.68
_1205_,15.68
_2157_,15.68
_2780_,15.68
_0657_,15.66
reg_file.memory\[0\]\[30\],15.66
_0820_,15.64
_1364_,15.64
_1520_,15.64
reg_file.memory\[21\]\[10\],15.64
reg_file.memory\[21\]\[2\],15.62
reg_file.memory\[8\]\[30\],15.62
_1452_,15.61
_0045_,15.585
_1113_,15.53
_1752_,15.52
_0412_,15.505
reg_file.memory\[5\]\[16\],15.48
reg_file.memory\[9\]\[16\],15.48
_0123_,15.46
_1017_,15.44
reg_file.memory\[10\]\[21\],15.44
reg_file.memory\[9\]\[7\],15.44
_1432_,15.42
_2679_,15.42
reg_file.memory\[7\]\[3\],15.42
_1217_,15.4
_1562_,15.4
_1516_,15.38
_1553_,15.38
_2489_,15.38
_2507_,15.38
reg_file.memory\[7\]\[25\],15.38
_0940_,15.34
reg_file.memory\[15\]\[21\],15.34
_0875_,15.32
_1865_,15.32
reg_file.memory\[21\]\[29\],15.26
_0168_,15.24
_1242_,15.24
_0812_,15.22
_1838_,15.22
_2298_,15.22
_1226_,15.2
_1561_,15.2
_2452_,15.18
reg_file.memory\[1\]\[17\],15.16
_1312_,15.15
reg_file.memory\[9\]\[27\],15.14
_1628_,15.12
_1046_,15.1
_1309_,15.1
reg_file.memory\[4\]\[11\],15.1
_0939_,15.08
_0942_,15.08
_1489_,15.08
reg_file.memory\[5\]\[19\],15.08
_1189_,15.04
_1363_,15.04
_2102_,15.04
_1064_,15.02
reg_file.memory\[7\]\[7\],15.02
reg_file.memory\[25\]\[5\],15
_1416_,14.98
_2502_,14.96
reg_file.memory\[10\]\[18\],14.96
_1377_,14.94
reg_file.memory\[8\]\[25\],14.94
reg_file.memory\[2\]\[22\],14.93
_0712_,14.92
_1126_,14.92
_1566_,14.92
_1612_,14.92
_2205_,14.9
_0264_,14.885
_0608_,14.88
_0938_,14.88
_1596_,14.88
_1886_,14.88
reg_file.memory\[21\]\[1\],14.88
_0024_,14.87
_0493_,14.845
_1794_,14.84
_2170_,14.84
reg_file.memory\[4\]\[31\],14.84
_1551_,14.78
_1728_,14.765
_0790_,14.76
_0982_,14.76
_1446_,14.76
_1590_,14.76
_1182_,14.75
_1186_,14.74
net13,14.74
_1203_,14.71
_2530_,14.7
_2152_,14.68
reg_file.memory\[21\]\[18\],14.68
_1319_,14.64
_1435_,14.64
_2005_,14.64
_2179_,14.64
_2301_,14.64
reg_file.memory\[2\]\[24\],14.64
reg_file.memory\[4\]\[14\],14.64
_1066_,14.62
_2187_,14.62
reg_file.memory\[1\]\[4\],14.62
reg_file.memory\[25\]\[14\],14.62
_1584_,14.6
reg_file.memory\[6\]\[17\],14.6
_2293_,14.56
reg_file.memory\[25\]\[24\],14.56
_1581_,14.55
_1201_,14.5
reg_file.memory\[9\]\[10\],14.5
_1179_,14.48
_1480_,14.48
reg_file.memory\[0\]\[2\],14.48
_1531_,14.42
_2150_,14.42
reg_file.memory\[0\]\[3\],14.42
reg_file.memory\[10\]\[10\],14.42
reg_file.memory\[7\]\[12\],14.42
_1278_,14.4
_2560_,14.4
_1932_,14.38
_2591_,14.38
_1296_,14.36
_2439_,14.36
_1375_,14.34
reg_file.memory\[4\]\[2\],14.34
_2821_,14.3
_0184_,14.285
_2346_,14.28
_0741_,14.26
_2516_,14.26
_2049_,14.24
reg_file.memory\[15\]\[8\],14.22
reg_file.memory\[6\]\[18\],14.22
_2250_,14.2
reg_file.memory\[10\]\[20\],14.2
reg_file.memory\[15\]\[31\],14.2
reg_file.memory\[21\]\[7\],14.2
_0376_,14.185
_1481_,14.18
_1598_,14.18
_0007_,14.16
_0489_,14.115
_1463_,14.1
_1956_,14.1
clk_div.counter\[16\],14.1
reg_file.memory\[2\]\[15\],14.1
_1461_,14.08
reg_file.memory\[15\]\[30\],14.08
_1856_,14.06
_2021_,14.06
_2482_,14.04
_2813_,14.04
reg_file.memory\[5\]\[27\],14.04
_0713_,14.02
_0756_,14.02
_1611_,14.02
_2062_,14
_2085_,14
cx[2],14
_2258_,13.995
_1540_,13.98
_2048_,13.96
reg_file.memory\[1\]\[8\],13.94
_0175_,13.925
_1022_,13.92
_2611_,13.92
_2308_,13.9
_2685_,13.88
reg_file.memory\[21\]\[3\],13.88
_2485_,13.86
reg_file.memory\[6\]\[27\],13.86
_2329_,13.84
_2561_,13.84
_1913_,13.82
reg_file.memory\[25\]\[0\],13.82
_0885_,13.8
_1508_,13.8
reg_file.memory\[2\]\[0\],13.8
reg_file.memory\[2\]\[14\],13.8
_1556_,13.78
_1568_,13.78
_1966_,13.775
clk_div.counter\[4\],13.74
_1550_,13.72
_2055_,13.72
_1204_,13.68
reg_file.memory\[10\]\[11\],13.68
reg_file.memory\[5\]\[1\],13.68
_0827_,13.66
_0880_,13.64
_1311_,13.64
reg_file.memory\[2\]\[5\],13.64
_1582_,13.63
reg_file.memory\[5\]\[12\],13.62
_1275_,13.615
_0035_,13.595
_1198_,13.58
_1750_,13.58
reg_file.memory\[21\]\[12\],13.56
_0916_,13.54
_0951_,13.54
_0253_,13.525
_0169_,13.515
_0692_,13.5
_2035_,13.5
reg_file.memory\[8\]\[15\],13.48
_1260_,13.46
_2623_,13.46
reg_file.memory\[8\]\[23\],13.46
_0620_,13.44
_2232_,13.44
_0828_,13.42
_1939_,13.42
_0632_,13.41
_1276_,13.4
_0793_,13.38
_1460_,13.38
_2274_,13.38
_2805_,13.38
reg_file.memory\[6\]\[19\],13.36
_2007_,13.32
reg_file.memory\[21\]\[25\],13.3
_1039_,13.28
_0487_,13.245
_1206_,13.24
reg_file.memory\[8\]\[3\],13.24
_1434_,13.22
_1465_,13.22
reg_file.memory\[15\]\[12\],13.22
_1191_,13.2
_2173_,13.2
reg_file.memory\[15\]\[20\],13.2
_1297_,13.16
_1510_,13.16
_0216_,13.125
_1023_,13.12
_1833_,13.12
reg_file.memory\[21\]\[15\],13.12
reg_file.memory\[21\]\[9\],13.1
_1636_,13.08
_1542_,13.04
_2686_,13.04
_2715_,13.04
_2724_,13.04
_2834_,13.04
_1388_,13.02
_2529_,13.02
reg_file.memory\[8\]\[18\],13.02
_1507_,13
_0290_,12.985
reg_file.memory\[8\]\[16\],12.98
_0765_,12.96
_1842_,12.96
_1997_,12.96
_2177_,12.96
_2364_,12.96
_2616_,12.96
_2667_,12.96
reg_file.memory\[8\]\[12\],12.96
_1281_,12.94
_1942_,12.94
_0321_,12.925
_0882_,12.9
_1086_,12.9
_1282_,12.88
_2261_,12.88
_2176_,12.86
_0461_,12.84
_0532_,12.84
_1447_,12.84
clk_div.counter\[17\],12.84
reg_file.memory\[9\]\[14\],12.84
_1456_,12.835
_1337_,12.8
reg_file.memory\[2\]\[1\],12.8
_1218_,12.78
_1378_,12.76
reg_file.memory\[15\]\[7\],12.76
reg_file.memory\[25\]\[13\],12.76
_0769_,12.74
_2348_,12.74
_1140_,12.72
_1948_,12.72
_0189_,12.705
_1731_,12.7
_2456_,12.7
_2587_,12.7
_0135_,12.685
_1855_,12.66
_2631_,12.66
reg_file.memory\[2\]\[9\],12.64
_0596_,12.62
_1883_,12.62
_1961_,12.62
_2216_,12.62
_0021_,12.605
_0783_,12.58
_1011_,12.58
_1515_,12.58
_2052_,12.58
_2725_,12.58
_2726_,12.58
_2738_,12.58
reg_file.memory\[0\]\[4\],12.58
reg_file.memory\[8\]\[20\],12.58
reg_file.memory\[9\]\[19\],12.58
seven_seg_conv.temp\[13\],12.58
_2318_,12.56
reg_file.memory\[9\]\[1\],12.56
_1567_,12.54
_0305_,12.525
reg_file.memory\[5\]\[13\],12.52
_0767_,12.5
_0818_,12.5
_1616_,12.5
_1878_,12.5
_2118_,12.5
_0891_,12.48
reg_file.memory\[5\]\[7\],12.48
_1030_,12.445
_2073_,12.44
_0385_,12.435
_1726_,12.42
_0383_,12.405
_0559_,12.4
reg_file.memory\[2\]\[6\],12.4
_0098_,12.365
_0437_,12.345
_1440_,12.34
_1523_,12.34
_1848_,12.34
_1197_,12.3
_0892_,12.28
_1250_,12.28
_0898_,12.26
_1862_,12.26
reg_file.memory\[2\]\[12\],12.26
_0482_,12.255
_1790_,12.24
_1429_,12.22
_0238_,12.205
_1673_,12.2
_1813_,12.2
reg_file.memory\[1\]\[28\],12.2
reg_file.memory\[8\]\[21\],12.19
_2619_,12.18
reg_file.memory\[21\]\[4\],12.18
_1329_,12.175
_0680_,12.16
_0681_,12.16
_1243_,12.16
_1366_,12.16
_2132_,12.16
_2535_,12.16
reg_file.memory\[7\]\[30\],12.16
_0468_,12.125
_1288_,12.12
reg_file.memory\[10\]\[29\],12.12
reg_file.memory\[1\]\[15\],12.12
reg_file.memory\[25\]\[8\],12.12
_2484_,12.1
_2790_,12.1
reg_file.memory\[4\]\[21\],12.1
seven_seg_conv.temp\[18\],12.1
_0026_,12.09
_2123_,12.09
_1303_,12.08
_1395_,12.08
_2352_,12.08
_2697_,12.08
reg_file.memory\[15\]\[9\],12.08
_0410_,12.045
_1824_,12.04
_1896_,12.04
_2768_,12.04
_1228_,12
reg_file.memory\[7\]\[24\],12
reg_file.memory\[9\]\[29\],12
reg_file.memory\[9\]\[8\],12
_0718_,11.98
_1573_,11.98
_1613_,11.98
reg_file.memory\[25\]\[10\],11.98
reg_file.memory\[6\]\[1\],11.98
reg_file.memory\[6\]\[26\],11.98
_0393_,11.975
_2300_,11.95
_0413_,11.94
reg_file.memory\[2\]\[18\],11.94
_0159_,11.935
_0523_,11.92
_1213_,11.92
_2320_,11.92
_1519_,11.88
_1544_,11.88
_2414_,11.88
_2454_,11.88
_0745_,11.86
reg_file.memory\[9\]\[9\],11.86
_2865_,11.82
_1199_,11.8
_2075_,11.8
_2405_,11.8
_2644_,11.8
_0840_,11.78
_2306_,11.78
reg_file.memory\[6\]\[29\],11.78
reg_file.memory\[9\]\[28\],11.78
_1490_,11.76
reg_file.memory\[15\]\[23\],11.76
_1471_,11.74
seven_seg_conv.temp\[3\],11.74
reg_file.memory\[2\]\[7\],11.72
_0679_,11.7
_0761_,11.7
_1837_,11.7
_2323_,11.7
_1921_,11.66
_2802_,11.66
reg_file.memory\[10\]\[4\],11.66
reg_file.memory\[1\]\[16\],11.66
_0763_,11.64
_1359_,11.64
reg_file.memory\[10\]\[8\],11.64
_0095_,11.625
_1135_,11.62
_2345_,11.6
_1974_,11.59
_1225_,11.58
_1843_,11.58
_2399_,11.58
reg_file.memory\[0\]\[31\],11.58
_1614_,11.56
reg_file.memory\[1\]\[1\],11.54
_0143_,11.505
reg_file.memory\[9\]\[11\],11.5
_0149_,11.48
_0504_,11.48
_0784_,11.48
_1099_,11.48
_0312_,11.445
_0560_,11.435
_1184_,11.42
reg_file.memory\[9\]\[13\],11.42
_1144_,11.4
_0642_,11.38
_0826_,11.38
_1224_,11.36
_1475_,11.36
_0755_,11.35
_0229_,11.335
_0690_,11.32
_2509_,11.32
_2642_,11.32
_2743_,11.32
_0447_,11.305
_1572_,11.3
_2197_,11.3
_0129_,11.285
_0263_,11.285
_1035_,11.28
_1861_,11.28
_2856_,11.26
_0952_,11.24
_1371_,11.24
_2013_,11.24
_2110_,11.24
reg_file.memory\[1\]\[3\],11.24
reg_file.memory\[21\]\[8\],11.24
_0633_,11.235
_0259_,11.205
_1142_,11.2
reg_file.memory\[15\]\[11\],11.2
_1466_,11.18
_1512_,11.18
_1761_,11.18
_2657_,11.18
_0257_,11.165
_1709_,11.16
_2551_,11.16
_0337_,11.145
PC\[0\],11.14
_0709_,11.12
_1067_,11.12
_1304_,11.12
_2379_,11.12
_2460_,11.12
_2578_,11.12
_1778_,11.1
reg_file.memory\[6\]\[11\],11.1
alu.ALUResult\[30\],11.09
_0819_,11.08
reg_file.memory\[25\]\[9\],11.08
reg_file.memory\[21\]\[23\],11.06
reg_file.memory\[8\]\[17\],11.06
_0865_,11.04
_1995_,11.04
_2711_,11.04
_2186_,11.03
_1052_,11.02
_2781_,11.02
_1474_,11
_0096_,10.985
_1691_,10.96
_1698_,10.96
_1875_,10.96
reg_file.memory\[8\]\[19\],10.96
_1538_,10.94
seven_seg_conv.temp\[1\],10.94
_0165_,10.925
_2228_,10.92
_0009_,10.9
_0527_,10.9
_2569_,10.9
reg_file.memory\[15\]\[22\],10.9
_1310_,10.88
_1343_,10.86
_1459_,10.86
_1712_,10.86
reg_file.memory\[10\]\[26\],10.86
reg_file.memory\[25\]\[1\],10.86
_1025_,10.84
reg_file.memory\[9\]\[15\],10.84
_0708_,10.82
_1397_,10.82
_1820_,10.82
_2785_,10.82
seven_seg_conv.temp\[21\],10.82
_1535_,10.8
_2381_,10.8
_2476_,10.8
_0131_,10.785
_0930_,10.78
_1858_,10.78
_2410_,10.78
_2412_,10.78
cx[3],10.78
_0710_,10.74
_2687_,10.74
reg_file.memory\[15\]\[24\],10.74
reg_file.memory\[6\]\[30\],10.74
seven_seg_conv.temp\[12\],10.74
net17,10.74
_0136_,10.715
_1161_,10.7
_2828_,10.7
_2009_,10.69
_0311_,10.68
_0233_,10.675
_0446_,10.665
_2810_,10.66
_1235_,10.64
reg_file.memory\[0\]\[6\],10.64
reg_file.memory\[4\]\[5\],10.64
reg_file.memory\[7\]\[2\],10.625
reg_file.memory\[10\]\[12\],10.62
reg_file.memory\[7\]\[1\],10.62
_1814_,10.6
reg_file.memory\[4\]\[6\],10.6
_0146_,10.575
_2355_,10.56
_2477_,10.56
reg_file.memory\[6\]\[6\],10.56
reg_file.memory\[4\]\[15\],10.54
_1054_,10.5
reg_file.memory\[25\]\[30\],10.5
_1851_,10.49
_0322_,10.485
reg_file.memory\[7\]\[28\],10.48
_1496_,10.46
_0697_,10.44
_2840_,10.44
reg_file.memory\[15\]\[13\],10.44
reg_file.memory\[21\]\[6\],10.44
_1280_,10.4
_2092_,10.4
_2804_,10.4
seven_seg_conv.temp\[27\],10.4
_2571_,10.36
reg_file.memory\[21\]\[26\],10.36
_1300_,10.34
_2235_,10.34
_2466_,10.34
reg_file.memory\[21\]\[19\],10.34
_0695_,10.32
_1036_,10.32
_1836_,10.32
_2114_,10.32
_2531_,10.32
_2826_,10.32
cx[5],10.32
_1234_,10.295
_0450_,10.285
_1504_,10.28
_2031_,10.28
reg_file.memory\[15\]\[18\],10.28
seven_seg_conv.temp\[26\],10.28
_0465_,10.265
_1859_,10.26
net11,10.26
_0276_,10.225
_0619_,10.22
_1891_,10.22
_1000_,10.2
_2081_,10.2
reg_file.memory\[8\]\[8\],10.2
_1178_,10.18
_1488_,10.18
reg_file.memory\[10\]\[27\],10.18
reg_file.memory\[2\]\[8\],10.18
reg_file.memory\[4\]\[28\],10.16
_0239_,10.145
_0415_,10.14
_1159_,10.14
_2156_,10.14
reg_file.memory\[10\]\[1\],10.14
_0084_,10.125
_2233_,10.12
_1158_,10.1
_2101_,10.1
_2336_,10.1
reg_file.memory\[10\]\[30\],10.1
_1501_,10.09
reg_file.memory\[10\]\[22\],10.08
_0533_,10.04
_0772_,10.04
_1295_,10.04
_1840_,10.04
_1990_,10.04
_0404_,10.025
_2263_,10.025
_0924_,10.02
_2746_,10.02
_0919_,10
_0153_,9.995
reg_file.memory\[0\]\[0\],9.98
_0077_,9.965
_2722_,9.96
reg_file.memory\[2\]\[2\],9.96
reg_file.memory\[4\]\[1\],9.96
_1721_,9.94
_0205_,9.905
_0556_,9.9
_1904_,9.9
_2710_,9.9
_1693_,9.88
_0432_,9.865
_1808_,9.86
_1835_,9.86
_2054_,9.86
_2672_,9.86
_2700_,9.86
_1681_,9.85
_0003_,9.845
_2567_,9.84
_2022_,9.82
_2635_,9.82
_2767_,9.82
reg_file.memory\[10\]\[13\],9.82
reg_file.memory\[10\]\[16\],9.82
_0743_,9.8
_0252_,9.785
_0364_,9.785
_0871_,9.78
_1103_,9.78
reg_file.memory\[4\]\[8\],9.78
reg_file.memory\[2\]\[4\],9.74
reg_file.memory\[9\]\[4\],9.74
_0197_,9.735
_1780_,9.73
_0258_,9.7
_0803_,9.7
_0954_,9.7
_1702_,9.68
_2543_,9.68
_1131_,9.66
_1233_,9.66
_1634_,9.66
reg_file.memory\[4\]\[10\],9.66
_1601_,9.64
an[7],9.64
_1453_,9.62
_2273_,9.62
_1414_,9.6
_1545_,9.6
_0061_,9.595
_1422_,9.58
_1677_,9.58
_1748_,9.58
_2143_,9.58
_1696_,9.55
_0361_,9.545
_2058_,9.54
reg_file.memory\[6\]\[15\],9.54
_1521_,9.52
_2117_,9.52
_0150_,9.505
_0522_,9.5
_1583_,9.5
reg_file.memory\[15\]\[16\],9.5
_1746_,9.48
_2221_,9.48
reg_file.memory\[10\]\[5\],9.48
reg_file.memory\[5\]\[31\],9.48
_0562_,9.46
reg_file.memory\[2\]\[16\],9.46
_0448_,9.445
_1437_,9.44
_2727_,9.44
_1268_,9.42
_1570_,9.42
_2175_,9.42
_2693_,9.42
_2793_,9.42
cx[4],9.42
_0139_,9.405
_0488_,9.405
_2605_,9.4
_0158_,9.385
_0401_,9.385
_2510_,9.38
_0758_,9.36
_0822_,9.36
_2195_,9.36
_2358_,9.36
reg_file.memory\[15\]\[27\],9.36
reg_file.memory\[6\]\[25\],9.36
_0203_,9.345
_1246_,9.34
_1560_,9.34
_0816_,9.32
_1236_,9.32
_1307_,9.32
_2126_,9.32
_2349_,9.32
_2583_,9.32
_2815_,9.32
_0247_,9.305
_0703_,9.3
_0787_,9.3
_2098_,9.3
_1244_,9.28
reg_file.memory\[25\]\[17\],9.28
reg_file.memory\[10\]\[15\],9.26
seven_seg_conv.temp\[17\],9.255
_1227_,9.24
_1374_,9.24
reg_file.memory\[6\]\[3\],9.22
reg_file.memory\[8\]\[6\],9.22
_1258_,9.2
_0686_,9.18
_0908_,9.18
an[5],9.18
reg_file.memory\[8\]\[5\],9.18
reg_file.memory\[8\]\[7\],9.18
_0715_,9.14
_0786_,9.14
_1082_,9.14
_1821_,9.12
_2671_,9.12
_0634_,9.1
_1037_,9.1
_0519_,9.08
_1071_,9.06
_1335_,9.06
_2740_,9.06
reg_file.memory\[1\]\[27\],9.06
seven_seg_conv.temp\[5\],9.06
_1664_,9.04
_2057_,9.04
_2827_,9.04
_1254_,9.02
_1419_,9.02
_2136_,9.02
_2387_,9.02
_2447_,9.02
_2812_,9.02
_2833_,9.02
reg_file.memory\[9\]\[26\],9.02
_1417_,9
_0219_,8.985
_0859_,8.98
_0987_,8.98
_1132_,8.98
_1253_,8.98
_2449_,8.98
_2487_,8.96
_1717_,8.955
_0915_,8.94
_2741_,8.94
reg_file.memory\[10\]\[0\],8.94
_0518_,8.92
_1914_,8.9
_2096_,8.9
_2426_,8.9
reg_file.memory\[15\]\[25\],8.9
reg_file.memory\[1\]\[6\],8.9
reg_file.memory\[25\]\[26\],8.9
reg_file.memory\[6\]\[12\],8.9
reg_file.memory\[9\]\[18\],8.9
net14,8.9
_1386_,8.88
_1513_,8.88
_1758_,8.88
reg_file.memory\[21\]\[28\],8.88
_1271_,8.87
_0742_,8.86
_1114_,8.86
_2172_,8.86
_0825_,8.82
_1360_,8.82
_2420_,8.82
_0301_,8.805
_1406_,8.8
_1751_,8.8
_2659_,8.8
reg_file.memory\[10\]\[3\],8.8
_0031_,8.785
_1384_,8.78
_1809_,8.78
reg_file.memory\[15\]\[1\],8.78
reg_file.memory\[1\]\[2\],8.78
_0102_,8.765
_0888_,8.74
_1532_,8.74
reg_file.memory\[25\]\[23\],8.74
_0187_,8.725
_0347_,8.725
an[2],8.72
an[3],8.72
an[4],8.72
an[6],8.72
_0829_,8.7
reg_file.memory\[10\]\[9\],8.7
_1641_,8.68
_1849_,8.68
_1645_,8.67
_0323_,8.665
_0967_,8.66
reg_file.memory\[2\]\[3\],8.66
_0103_,8.645
_0170_,8.625
_1301_,8.62
_2267_,8.62
_2289_,8.6
_2375_,8.6
_2500_,8.6
reg_file.memory\[1\]\[20\],8.6
reg_file.memory\[25\]\[16\],8.6
_1270_,8.58
_1825_,8.58
seven_seg_conv.temp\[6\],8.58
_0890_,8.56
_1207_,8.56
_1547_,8.56
_1646_,8.56
_1734_,8.56
_1922_,8.56
_2380_,8.56
_2638_,8.56
reg_file.memory\[10\]\[6\],8.56
reg_file.memory\[21\]\[11\],8.56
reg_file.memory\[21\]\[14\],8.56
reg_file.memory\[6\]\[7\],8.56
seven_seg_conv.temp\[10\],8.56
seven_seg_conv.temp\[7\],8.56
_1684_,8.54
_0920_,8.52
_2342_,8.5
_2424_,8.5
_0199_,8.485
seven_seg_conv.temp\[23\],8.48
_0333_,8.465
_2254_,8.44
_2661_,8.44
_2668_,8.44
_2688_,8.44
seven_seg_conv.temp\[19\],8.44
_0291_,8.42
_0505_,8.42
seven_seg_conv.temp\[14\],8.42
_1472_,8.405
_0922_,8.4
_1248_,8.4
_2689_,8.4
reg_file.memory\[8\]\[29\],8.4
reg_file.memory\[15\]\[5\],8.38
_2550_,8.36
reg_file.memory\[7\]\[19\],8.36
_0688_,8.34
_1662_,8.34
_1968_,8.34
_0266_,8.325
_1534_,8.32
_2165_,8.32
_2241_,8.32
reg_file.memory\[25\]\[22\],8.32
seven_seg_conv.temp\[15\],8.32
_0466_,8.305
_0501_,8.305
_0040_,8.3
_0043_,8.3
_1629_,8.28
_0717_,8.26
an[1],8.26
_1493_,8.24
_1945_,8.24
_2182_,8.24
reg_file.memory\[5\]\[4\],8.22
_1524_,8.2
_1763_,8.2
_1807_,8.2
reg_file.memory\[25\]\[3\],8.2
_0015_,8.165
_0177_,8.155
_1410_,8.15
_2552_,8.14
_2670_,8.14
_0973_,8.12
_1195_,8.12
_1365_,8.12
_2496_,8.12
reg_file.memory\[8\]\[9\],8.12
_0863_,8.1
_2347_,8.1
_2546_,8.1
reg_file.memory\[9\]\[5\],8.1
seven_seg_conv.current_digit\[2\],8.1
_0255_,8.085
_1998_,8.08
_0050_,8.065
_0185_,8.065
_0807_,8.06
_0932_,8.06
_1850_,8.06
_2084_,8.06
_2259_,8.06
_2422_,8.06
_2428_,8.06
_2506_,8.06
_2575_,8.06
_2647_,8.06
_2694_,8.06
_2416_,8.04
cx[1],8.04
cx[6],8.04
cx[7],8.04
net18,8.04
_0297_,8.025
_0503_,8.025
_1448_,8.02
_2343_,8.02
_2445_,8.02
_2556_,8.02
_2703_,8.02
_0750_,8
_2360_,8
_0338_,7.985
_0436_,7.985
_0834_,7.98
_1772_,7.98
_1892_,7.98
_2043_,7.98
_2537_,7.98
_2695_,7.98
reg_file.memory\[9\]\[6\],7.98
seven_seg_conv.temp\[22\],7.98
_0236_,7.96
_1313_,7.94
_1425_,7.94
_2528_,7.94
_2673_,7.94
_0738_,7.92
reg_file.memory\[15\]\[0\],7.92
reg_file.memory\[21\]\[0\],7.92
_0353_,7.905
_1212_,7.9
_2109_,7.9
_2836_,7.9
_0265_,7.88
_0350_,7.88
_1770_,7.88
_2402_,7.88
_2167_,7.86
reg_file.memory\[21\]\[17\],7.86
reg_file.memory\[21\]\[31\],7.86
reg_file.memory\[25\]\[29\],7.86
_0630_,7.84
_0947_,7.84
_0864_,7.8
_1125_,7.8
_1785_,7.78
_1841_,7.78
_1978_,7.78
_2008_,7.78
reg_file.memory\[6\]\[2\],7.78
seven_seg_conv.temp\[25\],7.78
_0140_,7.765
_0340_,7.765
_0458_,7.765
_0602_,7.76
_2025_,7.76
_1554_,7.74
reg_file.memory\[8\]\[2\],7.74
_0873_,7.7
_0970_,7.68
_1040_,7.68
_2464_,7.68
_2735_,7.68
_2807_,7.68
_1563_,7.66
_2592_,7.66
seven_seg_conv.temp\[8\],7.66
_0476_,7.645
_0723_,7.64
_0839_,7.64
_0848_,7.64
_0936_,7.64
_1593_,7.64
_1649_,7.64
_1991_,7.64
_2692_,7.64
_1801_,7.635
_0462_,7.625
_0766_,7.62
_2272_,7.615
_0691_,7.6
_0732_,7.6
_0913_,7.6
_0989_,7.6
_1110_,7.6
_1350_,7.6
_2131_,7.6
_1476_,7.58
_2515_,7.58
_2818_,7.58
_1162_,7.56
_1462_,7.56
_1714_,7.56
_1854_,7.56
_1898_,7.56
_2558_,7.56
_2596_,7.56
_2708_,7.56
reg_file.memory\[25\]\[12\],7.56
_1214_,7.54
_1494_,7.53
_0068_,7.525
_0925_,7.52
_1284_,7.52
_1325_,7.52
_1442_,7.52
_2590_,7.52
_2788_,7.52
reg_file.memory\[4\]\[26\],7.52
reg_file.memory\[9\]\[2\],7.52
_1274_,7.495
_0439_,7.48
_1076_,7.48
_2498_,7.48
_2798_,7.48
_2799_,7.48
_1196_,7.46
_0374_,7.445
_1266_,7.44
_2513_,7.44
_2786_,7.44
net5,7.44
_0459_,7.42
_0779_,7.42
_1428_,7.42
_1852_,7.42
_2356_,7.42
_1129_,7.4
_2286_,7.4
_0046_,7.385
_1121_,7.38
_0204_,7.355
_0319_,7.345
reg_file.memory\[4\]\[27\],7.34
reg_file.memory\[6\]\[9\],7.34
seven_seg_conv.temp\[0\],7.34
_0778_,7.32
_0928_,7.32
_1299_,7.32
reg_file.memory\[4\]\[13\],7.32
_0109_,7.305
_0193_,7.305
_0345_,7.305
reg_file.memory\[21\]\[22\],7.3
reg_file.memory\[21\]\[30\],7.3
_1315_,7.28
reg_file.memory\[2\]\[20\],7.28
_0289_,7.245
_1074_,7.24
_1688_,7.24
_0661_,7.22
_1960_,7.22
_2303_,7.22
_2645_,7.22
_2698_,7.22
_2809_,7.22
reg_file.memory\[10\]\[14\],7.22
reg_file.memory\[15\]\[2\],7.22
reg_file.memory\[1\]\[14\],7.22
_2295_,7.2
_0425_,7.185
_1136_,7.18
_1285_,7.18
_1370_,7.18
_1580_,7.18
_1798_,7.18
_2281_,7.18
_2353_,7.18
_2433_,7.18
_2441_,7.18
reg_file.memory\[1\]\[5\],7.18
_0090_,7.165
_0191_,7.145
_0287_,7.145
_0497_,7.145
_1262_,7.14
_1620_,7.14
_2589_,7.14
_0621_,7.12
_0792_,7.12
_0335_,7.105
_1605_,7.1
_1931_,7.1
_2526_,7.1
_2674_,7.1
reg_file.memory\[10\]\[17\],7.1
_1348_,7.06
_1458_,7.06
_1555_,7.06
_2361_,7.06
_2377_,7.06
_2539_,7.06
_2627_,7.06
_2666_,7.06
reg_file.memory\[1\]\[10\],7.06
reg_file.memory\[1\]\[26\],7.06
reg_file.memory\[21\]\[13\],7.06
reg_file.memory\[25\]\[21\],7.06
reg_file.memory\[25\]\[31\],7.06
reg_file.memory\[25\]\[7\],7.06
reg_file.memory\[2\]\[19\],7.06
_0223_,7.055
_0107_,7
reg_file.memory\[6\]\[5\],7
reg_file.memory\[8\]\[13\],7
_1021_,6.98
_1622_,6.98
_2628_,6.98
_0879_,6.96
_1826_,6.96
_1120_,6.94
_1857_,6.94
_2181_,6.94
_2292_,6.94
_2683_,6.92
_2260_,6.915
_0736_,6.9
_0250_,6.885
_0483_,6.885
_0494_,6.885
_1546_,6.88
_2230_,6.88
reg_file.memory\[15\]\[15\],6.86
reg_file.memory\[9\]\[12\],6.86
_0470_,6.825
_1223_,6.82
_1802_,6.82
_0105_,6.785
rst,6.77
_0183_,6.765
_2357_,6.76
_2731_,6.76
_2758_,6.76
_2864_,6.76
reg_file.memory\[15\]\[17\],6.76
seven_seg_conv.temp\[20\],6.76
_1115_,6.74
_1757_,6.74
_2593_,6.74
seven_seg_conv.temp\[4\],6.74
_0011_,6.72
_1220_,6.72
_2199_,6.72
reg_file.memory\[25\]\[28\],6.72
_0480_,6.705
_0587_,6.7
_0832_,6.7
_0067_,6.685
_0329_,6.685
_0351_,6.685
_2188_,6.66
_2721_,6.66
_2845_,6.66
_0986_,6.64
_1739_,6.64
_1996_,6.64
_2728_,6.64
_2779_,6.64
_2783_,6.64
reg_file.memory\[4\]\[0\],6.64
seven_seg_conv.temp\[11\],6.64
_2203_,6.62
_0747_,6.615
_0887_,6.6
_2406_,6.6
reg_file.memory\[1\]\[12\],6.6
reg_file.memory\[6\]\[31\],6.6
reg_file.memory\[8\]\[1\],6.6
_0507_,6.58
_0991_,6.54
_1290_,6.54
_1548_,6.54
_2842_,6.52
seven_seg_conv.temp\[16\],6.52
_0281_,6.5
reg_file.memory\[25\]\[18\],6.5
reg_file.memory\[6\]\[28\],6.5
_0652_,6.48
_1765_,6.48
_0214_,6.475
_0256_,6.465
_0496_,6.44
_1979_,6.43
_0034_,6.425
_0485_,6.425
_2124_,6.42
reg_file.memory\[4\]\[25\],6.42
_0785_,6.4
_1650_,6.4
_1903_,6.4
_0244_,6.395
_1485_,6.38
_1962_,6.38
_0094_,6.365
_0349_,6.365
_1706_,6.32
_1899_,6.315
_0420_,6.305
_0728_,6.3
_1073_,6.3
_1901_,6.3
_2080_,6.3
_2213_,6.3
_2220_,6.3
_2400_,6.3
_0856_,6.26
_1146_,6.26
_1565_,6.26
_1609_,6.26
_2072_,6.26
_2148_,6.26
_2662_,6.26
_2718_,6.26
_2769_,6.26
reg_file.memory\[21\]\[27\],6.26
reg_file.memory\[6\]\[8\],6.26
_0176_,6.245
_1631_,6.24
_0299_,6.225
_0320_,6.225
_0343_,6.225
_0360_,6.225
_2568_,6.2
_2678_,6.2
_2720_,6.2
_0056_,6.185
_0074_,6.185
_1340_,6.18
_1431_,6.18
_2069_,6.18
_2227_,6.18
_2372_,6.18
_2532_,6.18
_2849_,6.18
reg_file.memory\[25\]\[20\],6.18
seven_seg_conv.temp\[24\],6.18
_0286_,6.165
_1527_,6.16
_2161_,6.16
_0724_,6.14
_1026_,6.14
_1357_,6.14
_1949_,6.14
_2562_,6.14
_2618_,6.14
_2664_,6.14
reg_file.memory\[6\]\[0\],6.14
_0081_,6.105
_0268_,6.085
_0331_,6.08
_1069_,6.08
_0491_,6.065
_1187_,6.06
_1211_,6.06
_1973_,6.06
_0112_,6.04
_0118_,6.04
reg_file.memory\[8\]\[31\],6.04
_1834_,6.03
_1024_,6.02
_0473_,6.005
_2565_,5.97
_0201_,5.965
_0318_,5.965
_0063_,5.96
reg_file.memory\[4\]\[16\],5.96
reg_file.memory\[4\]\[22\],5.96
_1599_,5.94
reg_file.memory\[9\]\[3\],5.94
_0381_,5.925
_0759_,5.92
_1576_,5.92
_1866_,5.92
_0628_,5.9
_1511_,5.9
_0058_,5.895
_1933_,5.86
_1967_,5.86
_0696_,5.84
_1401_,5.84
_1626_,5.84
_2278_,5.84
_2384_,5.84
_2397_,5.84
_2750_,5.84
reg_file.memory\[15\]\[19\],5.84
_1339_,5.82
_2719_,5.82
_0278_,5.805
_0901_,5.8
_0921_,5.8
_0945_,5.8
_0999_,5.8
_1430_,5.8
_2015_,5.8
_2145_,5.8
_2365_,5.8
_2403_,5.8
_2770_,5.8
_2851_,5.8
reg_file.memory\[21\]\[20\],5.8
reg_file.memory\[21\]\[24\],5.8
_1804_,5.74
_1680_,5.73
_0225_,5.725
_0248_,5.725
_0451_,5.725
_1094_,5.72
_1736_,5.72
reg_file.memory\[4\]\[9\],5.72
_0440_,5.705
_1715_,5.7
_0824_,5.68
_1001_,5.68
_1141_,5.68
_2032_,5.68
_2079_,5.68
_2104_,5.68
_2359_,5.68
_2395_,5.68
_2418_,5.68
_2522_,5.68
_2579_,5.68
_2730_,5.68
_2825_,5.68
reg_file.memory\[4\]\[17\],5.68
reg_file.memory\[6\]\[23\],5.68
net16,5.68
_1644_,5.62
_1957_,5.62
_0797_,5.6
_1124_,5.6
_1222_,5.6
_1526_,5.6
_2206_,5.6
_2492_,5.6
_2764_,5.6
reg_file.memory\[2\]\[17\],5.6
_0288_,5.58
_1143_,5.56
_2056_,5.56
_0227_,5.545
_1911_,5.52
_2207_,5.52
_0342_,5.505
_0375_,5.505
_0449_,5.505
_0667_,5.5
_1009_,5.5
_2262_,5.5
reg_file.memory\[8\]\[27\],5.5
seven_seg_conv.temp\[28\],5.49
_1183_,5.48
_0969_,5.46
_0307_,5.445
_0427_,5.445
_1873_,5.44
_0273_,5.435
_0517_,5.4
_2147_,5.4
_0731_,5.38
_1173_,5.38
_1478_,5.38
_1578_,5.38
_1608_,5.38
_2311_,5.38
reg_file.memory\[15\]\[14\],5.38
_1286_,5.36
_1451_,5.36
_1812_,5.36
_0251_,5.345
_1100_,5.34
_1147_,5.34
_1283_,5.34
_1287_,5.34
_1332_,5.34
_1443_,5.34
_1788_,5.34
_2209_,5.34
_2553_,5.34
_2573_,5.34
reg_file.memory\[6\]\[20\],5.34
_0397_,5.305
_0495_,5.305
_1623_,5.28
_0082_,5.265
_0115_,5.265
_0128_,5.265
_0317_,5.265
_0455_,5.265
_1396_,5.26
_1805_,5.26
_1829_,5.26
_2163_,5.26
_2602_,5.26
_2732_,5.26
_0614_,5.24
_1905_,5.22
_1946_,5.22
_2000_,5.22
_2017_,5.22
_2099_,5.22
_2256_,5.22
_2519_,5.22
_2563_,5.22
_2714_,5.22
_2853_,5.22
_2869_,5.22
_1872_,5.18
_0403_,5.16
_0426_,5.16
seven_seg_conv.current_digit\[0\],5.16
_0479_,5.14
_1699_,5.14
_2169_,5.14
_2491_,5.14
_2518_,5.14
reg_file.memory\[15\]\[4\],5.14
_1753_,5.12
_2094_,5.12
_2520_,5.12
_0059_,5.115
_0151_,5.095
_0249_,5.095
_0355_,5.095
_0240_,5.085
_0309_,5.085
_0411_,5.085
_1398_,5.06
_0377_,5.045
_0463_,5.045
_0336_,5.04
_1672_,5.04
reg_file.memory\[25\]\[11\],5.04
_2229_,5.035
_0012_,5.02
_1209_,5.02
_2269_,5.02
reg_file.memory\[4\]\[24\],5.02
_0027_,5
_1327_,5
_2268_,5
_0365_,4.975
_0062_,4.965
next,4.95
_1320_,4.94
_1981_,4.94
_0033_,4.925
_0867_,4.92
_1615_,4.92
_1652_,4.92
_1876_,4.92
_2327_,4.92
_2660_,4.92
_0057_,4.905
_0344_,4.885
_0775_,4.88
_0835_,4.88
_0842_,4.88
_0855_,4.88
_1061_,4.88
_2310_,4.88
_2794_,4.88
_2835_,4.88
_2844_,4.88
_0142_,4.845
_0352_,4.845
_0409_,4.845
_0430_,4.845
_0431_,4.845
_2533_,4.82
_2598_,4.82
_0120_,4.805
_0583_,4.8
_0740_,4.8
_0978_,4.8
_1423_,4.8
_1450_,4.8
_2133_,4.8
_2648_,4.8
_2707_,4.8
_2712_,4.8
_2776_,4.8
_1298_,4.76
_1421_,4.76
_2389_,4.76
_2577_,4.76
_2763_,4.76
_2837_,4.76
net15,4.76
_0277_,4.7
_0398_,4.7
_1075_,4.7
_1088_,4.7
_1092_,4.7
_2288_,4.7
reg_file.memory\[6\]\[22\],4.7
_0108_,4.68
_0272_,4.68
_1491_,4.68
reg_file.memory\[25\]\[6\],4.68
_0833_,4.66
_1936_,4.66
_0066_,4.585
_0073_,4.585
_0078_,4.585
_0106_,4.585
_0178_,4.585
_0408_,4.585
_0453_,4.585
_0457_,4.585
_0460_,4.585
_1938_,4.58
reg_file.memory\[6\]\[13\],4.58
_0993_,4.56
_1080_,4.56
_1326_,4.56
_1603_,4.56
_0104_,4.555
_0841_,4.54
_1156_,4.54
_1571_,4.54
_0200_,4.525
_0283_,4.525
_1479_,4.48
_2309_,4.48
_1591_,4.46
_1711_,4.46
_1917_,4.46
_2378_,4.46
_2495_,4.46
_2566_,4.46
_2632_,4.46
_2633_,4.46
_2829_,4.46
_1208_,4.44
_1575_,4.44
_0791_,4.42
_1441_,4.42
_2480_,4.42
_2643_,4.42
_2658_,4.42
_2801_,4.42
_2841_,4.42
_0071_,4.405
_0054_,4.385
_1420_,4.34
_1619_,4.34
_1916_,4.34
_2215_,4.34
_2772_,4.34
_2820_,4.34
seven_seg_conv.digit_counter\[3\],4.34
_0961_,4.32
_1528_,4.32
_0396_,4.315
_2581_,4.3
_0044_,4.295
_0370_,4.24
_1059_,4.24
_2139_,4.24
reg_file.memory\[25\]\[25\],4.24
_0897_,4.22
_1060_,4.22
_1729_,4.22
_0874_,4.2
_0895_,4.2
reg_file.memory\[25\]\[4\],4.2
_0052_,4.165
_0111_,4.165
_0269_,4.165
_1906_,4.14
_0417_,4.12
_1602_,4.12
_2030_,4.1
ctrl_unit.RegWrite,4.1
_0274_,4.085
_0039_,4.065
_0085_,4.045
_1499_,4.035
_1495_,4.02
_1745_,4.02
_2275_,4.015
_0699_,4
_1529_,4
_2033_,4
_2189_,4
_2435_,4
_2470_,4
_2493_,4
_2557_,4
_2775_,4
reg_file.memory\[25\]\[2\],4
_0075_,3.975
_0122_,3.965
_0032_,3.925
_0195_,3.925
_0246_,3.925
_0471_,3.925
_1324_,3.9
_1723_,3.9
_1909_,3.9
_0684_,3.88
_0693_,3.88
_0831_,3.88
_0994_,3.88
_1048_,3.88
_1269_,3.88
_1322_,3.88
_1587_,3.88
_2067_,3.88
_2383_,3.88
_2601_,3.88
_2716_,3.88
_2717_,3.88
_2756_,3.88
_2761_,3.88
_0242_,3.865
_0130_,3.805
_0231_,3.805
_0433_,3.8
_0313_,3.78
reg_file.memory\[15\]\[6\],3.78
seven_seg_conv.temp\[2\],3.78
_0531_,3.76
_0794_,3.76
_1847_,3.76
_1988_,3.76
_2162_,3.76
reg_file.memory\[2\]\[10\],3.76
_0687_,3.74
_1433_,3.74
_1411_,3.68
_2271_,3.68
_0008_,3.66
_0962_,3.66
_1937_,3.66
reg_file.memory\[15\]\[26\],3.66
_2208_,3.64
_0041_,3.635
_0282_,3.635
_0472_,3.605
_0379_,3.585
_0477_,3.585
_0603_,3.56
_0678_,3.56
_2011_,3.56
_2091_,3.56
_2111_,3.56
_2225_,3.56
_0886_,3.54
_0904_,3.54
_1083_,3.54
_1117_,3.54
_1172_,3.54
_1424_,3.54
_1791_,3.54
_1860_,3.54
_2184_,3.54
_2247_,3.54
_2604_,3.54
_2615_,3.54
_2701_,3.54
_2822_,3.54
_2848_,3.54
_0452_,3.515
_0001_,3.505
_0121_,3.505
_0357_,3.505
_0245_,3.465
_0369_,3.465
_0683_,3.46
_0946_,3.44
_1168_,3.44
_1910_,3.44
_2366_,3.44
_2541_,3.44
_2617_,3.44
_2792_,3.44
_0658_,3.42
_0694_,3.42
_0953_,3.42
_1033_,3.42
_1081_,3.42
_1148_,3.42
_1877_,3.42
_1955_,3.42
_2018_,3.42
_2142_,3.42
_2265_,3.42
_2479_,3.42
_2488_,3.42
_2514_,3.42
_2733_,3.42
_2762_,3.42
_2777_,3.42
_2800_,3.42
_0080_,3.405
_0190_,3.405
_0209_,3.405
_0332_,3.405
_0339_,3.405
_0373_,3.405
_0330_,3.345
_0072_,3.32
_0148_,3.32
_0182_,3.32
_0434_,3.32
_0734_,3.32
_1042_,3.32
_0854_,3.3
_1894_,3.3
_0091_,3.245
_0298_,3.245
_1015_,3.22
_0958_,3.2
_1811_,3.2
_1958_,3.2
_2297_,3.18
_2324_,3.18
_2651_,3.18
_0042_,3.175
_0060_,3.175
_0478_,3.175
_0167_,3.145
_0271_,3.145
_0849_,3.1
_0929_,3.1
_1008_,3.1
_1041_,3.1
_1058_,3.1
_1541_,3.1
_1844_,3.1
_0725_,3.08
_0878_,3.08
_1084_,3.08
_1102_,3.08
_1106_,3.08
_1123_,3.08
_1870_,3.08
_2046_,3.08
_2112_,3.08
_2338_,3.08
_2350_,3.08
_2374_,3.08
_2472_,3.08
_2481_,3.08
_2545_,3.08
_2675_,3.08
_2699_,3.08
_2830_,3.08
_2610_,3.06
_0036_,3.045
_0124_,3.045
_0125_,3.045
_0051_,3.005
_0069_,3.005
_0079_,3.005
_0086_,3.005
_0161_,3.005
_0391_,3.005
_0481_,3.005
_0492_,3.005
_0984_,2.98
_1633_,2.98
_2542_,2.98
_2620_,2.98
_2789_,2.98
_2811_,2.98
_0857_,2.96
_0905_,2.96
_0914_,2.96
_1002_,2.96
_1279_,2.96
_1289_,2.96
_1639_,2.96
_1647_,2.96
_1667_,2.96
_2122_,2.96
_2149_,2.96
_2517_,2.96
_2524_,2.96
_2629_,2.96
_2734_,2.96
_2766_,2.96
_2838_,2.96
_0346_,2.945
_0022_,2.885
_0119_,2.885
_0220_,2.88
_0053_,2.86
_0212_,2.86
_0429_,2.86
_0896_,2.86
_1010_,2.86
_2159_,2.86
_0509_,2.84
_0428_,2.835
_0064_,2.785
_0180_,2.785
_0186_,2.785
_0028_,2.77
_0983_,2.76
_0992_,2.76
_1093_,2.76
_1625_,2.76
_1980_,2.74
_1653_,2.72
_0116_,2.715
_0141_,2.715
_0399_,2.715
_0475_,2.715
_0500_,2.715
_0443_,2.705
_0444_,2.705
_1627_,2.665
_0850_,2.64
_0931_,2.64
_1068_,2.64
_1095_,2.64
_1138_,2.64
_1193_,2.64
_1256_,2.64
_1793_,2.64
_2223_,2.64
_0675_,2.62
_0760_,2.62
_0799_,2.62
_0847_,2.62
_0858_,2.62
_0894_,2.62
_1005_,2.62
_1308_,2.62
_1557_,2.62
_1648_,2.62
_1934_,2.62
_2003_,2.62
_2083_,2.62
_2125_,2.62
_2146_,2.62
_2251_,2.62
_2279_,2.62
_2313_,2.62
_2344_,2.62
_2431_,2.62
_2582_,2.62
_2655_,2.62
seven_seg_conv.current_digit\[3\],2.62
_0179_,2.595
_0218_,2.595
_0467_,2.595
_0004_,2.585
_0296_,2.585
_0303_,2.585
_0359_,2.585
_0110_,2.545
_0113_,2.545
_0211_,2.545
_0254_,2.545
_0280_,2.545
_0367_,2.545
_0378_,2.545
_0402_,2.545
_0422_,2.545
_0454_,2.545
_0498_,2.545
_0038_,2.54
_0145_,2.52
_0516_,2.52
_1090_,2.52
_1640_,2.52
_2588_,2.52
_2622_,2.52
_2630_,2.52
_2749_,2.52
_2850_,2.52
_0817_,2.5
_0937_,2.5
_1112_,2.5
_1341_,2.5
_1405_,2.5
_1632_,2.5
_1965_,2.5
_2045_,2.5
_2185_,2.5
_2237_,2.5
_2240_,2.5
_2255_,2.5
_2521_,2.5
_2525_,2.5
_2603_,2.5
_2739_,2.5
_2814_,2.5
_0499_,2.495
_0157_,2.485
_0221_,2.485
_0348_,2.485
_0356_,2.485
_0049_,2.42
_0222_,2.42
_0224_,2.42
_0243_,2.42
_0700_,2.4
_0720_,2.4
_0800_,2.4
_0801_,2.4
_1166_,2.4
_2637_,2.4
_0629_,2.38
_0172_,2.375
_0308_,2.375
_0314_,2.375
_0315_,2.375
_0414_,2.375
_0421_,2.375
_0502_,2.375
_0092_,2.325
_0181_,2.325
_0270_,2.325
_0384_,2.325
_0469_,2.325
_0529_,2.3
_1169_,2.3
_1930_,2.3
_2191_,2.3
_2284_,2.3
_1505_,2.28
_0089_,2.255
_0362_,2.255
_0526_,2.18
_1642_,2.18
_0704_,2.16
_0722_,2.16
_0912_,2.16
_1065_,2.16
_1163_,2.16
_1167_,2.16
_1190_,2.16
_1564_,2.16
_1651_,2.16
_2051_,2.16
_2095_,2.16
_2219_,2.16
_2243_,2.16
_2282_,2.16
_2285_,2.16
_2554_,2.16
_2599_,2.16
_2625_,2.16
_2641_,2.16
_0048_,2.125
_0087_,2.125
_0295_,2.125
_0310_,2.125
_0418_,2.125
_0419_,2.125
_0423_,2.125
_0435_,2.125
_0030_,2.085
_0076_,2.085
_0285_,2.085
_0327_,2.085
_0441_,2.085
_0037_,2.08
_0155_,2.08
_1180_,2.06
_2322_,2.06
_2370_,2.06
_2373_,2.06
_2394_,2.06
_2396_,2.06
_2398_,2.06
_2437_,2.06
_2443_,2.06
_2473_,2.06
_2483_,2.06
_2490_,2.06
_2504_,2.06
_2549_,2.06
_2555_,2.06
_2564_,2.06
_2606_,2.06
_2621_,2.06
_2624_,2.06
_2634_,2.06
_2640_,2.06
_2649_,2.06
_2704_,2.06
_2729_,2.06
_2755_,2.06
_2803_,2.06
_2817_,2.06
_0751_,2.04
_1050_,2.04
_1336_,2.04
_1338_,2.04
_1387_,2.04
_2028_,2.04
_2663_,2.04
_2669_,2.04
_2831_,2.04
seven_seg_conv.current_digit\[1\],2.04
_0023_,2.025
_0029_,2.025
_0055_,2.025
_0083_,2.025
_0088_,2.025
_0114_,2.025
_0117_,2.025
_0127_,2.025
_0156_,2.025
_0163_,2.025
_0173_,2.025
_0188_,2.025
_0206_,2.025
_0208_,2.025
_0210_,2.025
_0213_,2.025
_0215_,2.025
_0217_,2.025
_0235_,2.025
_0237_,2.025
_0241_,2.025
_0284_,2.025
_0306_,2.025
_0316_,2.025
_0334_,2.025
_0341_,2.025
_0358_,2.025
_0371_,2.025
_0372_,2.025
_0380_,2.025
_0400_,2.025
_0406_,2.025
_0407_,2.025
_0424_,2.025
_0438_,2.025
_0442_,2.025
_0456_,2.025
_0474_,2.025
_0726_,1.94
_0881_,1.94
_1111_,1.94
_2082_,1.94
_0192_,1.915
_0093_,1.865
_0300_,1.865
_0304_,1.865
_0366_,1.865
_0368_,1.865
_0392_,1.865
_0524_,1.84
_0659_,1.84
_0716_,1.84
_0735_,1.84
_0752_,1.84
_1257_,1.84
_1964_,1.84
_2337_,1.84
_0025_,1.82
_2245_,1.82
_1600_,1.81
_1530_,1.72
_2253_,1.72
_0707_,1.7
_0795_,1.7
_0909_,1.7
_1202_,1.7
_1251_,1.7
_1822_,1.7
_1884_,1.7
_2040_,1.7
_2141_,1.7
_2210_,1.7
_2607_,1.7
_2706_,1.7
_2795_,1.7
_2595_,1.6
_2709_,1.6
_2784_,1.6
_2852_,1.6
_0065_,1.575
_0144_,1.575
_0174_,1.575
_0651_,1.48
_0711_,1.48
_0843_,1.48
_0963_,1.48
_1130_,1.48
_2839_,1.48
_0047_,1.405
_0152_,1.405
_0160_,1.405
_0275_,1.405
_0363_,1.405
_0405_,1.405
_0464_,1.405
_1503_,1.38
_2217_,1.38
_0809_,1.26
_0985_,1.26
_2754_,1.18
_1588_,1.14
_2166_,1.14
_2333_,1.14
_2335_,1.14
_2339_,1.14
_2362_,1.14
_2369_,1.14
_2376_,1.14
_2382_,1.14
_2385_,1.14
_2386_,1.14
_2388_,1.14
_2478_,1.14
_2527_,1.14
_2600_,1.14
_2636_,1.14
_2639_,1.14
_2646_,1.14
_2650_,1.14
_2652_,1.14
_2705_,1.14
_2723_,1.14
_2736_,1.14
_2744_,1.14
_2745_,1.14
_2752_,1.14
_2753_,1.14
_2773_,1.14
_2774_,1.14
_2787_,1.14
_2823_,1.14
_2824_,1.14
_2843_,1.14
_2854_,1.14
_1982_,1.02
_0811_,0.92
_0823_,0.92
_0870_,0.92
_1031_,0.92
_1245_,0.92
_1333_,0.92
_2351_,0.92
_2866_,0.92
PC\[2\],0.8
_1247_,0.8
_1306_,0.8
_1318_,0.8
_0582_,0.46
_0757_,0.46
_0773_,0.46
_0902_,0.46
_1104_,0.46
_1239_,0.46
_1518_,0.46
_1879_,0.46
_2144_,0.46
_2231_,0.46
_2354_,0.46
